Hostname,Agency
911.gov,Department of Transportation
access-board.gov,US Access Board
acquisition.gov,General Services Administration
ada.gov,Department of Justice
adr.gov,Department of Justice
afmes.mil,Department of Defense
aids.gov,Department of Health & Human Services
airnow.gov,Environmental Protection Agency
alertaenlinea.gov,Federal Trade Commission
amberalert.gov,Department of Justice
applicationmanager.gov,Office of Personnel Management
archives.gov,National Archives and Records Administration
arctic.gov,US Arctic Commission
atf.gov,Department of Justice
bankcustomer.gov,Department of Treasury
bankhelp.gov,Department of Treasury
bea.gov,Department of Commerce
benefits.gov,Department of Labor
bep.gov,Department of Treasury
bia.gov,Department of Interior
bie.edu,Department of Interior
biometriccoe.gov,Department of Justice
bja.gov,Department of Justice
bls.gov,Department of Labor
bop.gov,Department of Justice
brac.gov,Department of Defense
bts.gov,Department of Transportation
businessusa.gov,General Services Administration
buyaccessible.gov,General Services Administration
buyusa.gov,Department of Commerce
cao.gov,General Services Administration
cbp.gov,Department of Homeland Security
ccac.gov,Department of Treasury
cdc.gov,Department of Health & Human Services
cdfifund.gov,Department of Treasury
cdse.edu,Department of Defense
cfda.gov,General Services Administration
cfda.gov,Department of Health & Human Services
cfo.gov,General Services Administration
challenge.gov,General Services Administration
chcoc.gov,Office of Personnel Management
childstats.gov,Department of Education
choosemyplate.gov,Department of Agriculture
cio.gov,General Services Administration
climate.gov,Department of Commerce
cmts.gov,Department of Defense
cmts.gov,Department of Transportation
cnss.gov,Department of Defense
commerce.gov,Department of Commerce
comptrollerofthecurrency.gov,Department of Treasury
consumer.gov,Federal Trade Commission
consumidor.gov,Federal Trade Commission
crimesolutions.gov,Department of Justice
crimevictims.gov,Department of Justice
data.gov,General Services Administration
dc3.mil,Department of Defense
dcma.mil,Department of Defense
dcoe.mil,Department of Defense
dea.gov,Department of Justice
defense.gov,Department of Defense
dhs.gov,Department of Homeland Security
digitalgov.gov,General Services Administration
disa.mil,Department of Defense
disability.gov,Department of Labor
disasterassistance.gov,Department of Homeland Security
distraction.gov,Department of Transportation
dnfsb.gov,Defense Nuclear Facilities Safety Board
doi.gov,Department of Interior
dol.gov,Department of Labor
doleta.gov,Department of Labor
dot.gov,Department of Transportation
drought.gov,Department of Commerce
ecpic.gov,General Services Administration
ed.gov,Department of Education
eda.gov,Department of Commerce
edpubs.gov,Department of Education
education.gov,Department of Education
eforms.gov,General Services Administration
employeeexpress.gov,Office of Personnel Management
ems.gov,Department of Transportation
energy.gov,Department of Energy
energystar.gov,Environmental Protection Agency
epa.gov,Environmental Protection Agency
esa.gov,Department of Commerce
espanolforlawenforcement.gov,Department of Justice
esrs.gov,General Services Administration
export.gov,Department of Commerce
faa.gov,Department of Transportation
faasafety.gov,Department of Transportation
facadatabase.gov,General Services Administration
fara.gov,Department of Justice
fbo.gov,General Services Administration
fda.gov,Department of Health & Human Services
fea.gov,Department of Transportation
feb.gov,Office of Personnel Management
fedidcard.gov,General Services Administration
fedsgetfit.gov,Office of Personnel Management
fedshirevets.gov,Office of Personnel Management
fema.gov,Department of Homeland Security
ferc.gov,Federal Energy Regulatory Commission
fgdc.gov,Department of Interior
fido.gov,General Services Administration
fincen.gov,Department of Treasury
firstresponder.gov,Department of Homeland Security
floodsmart.gov,Department of Homeland Security
flu.gov,Department of Health & Human Services
fmi.gov,General Services Administration
foia.gov,Department of Justice
foodsafety.gov,Department of Health & Human Services
fordlibrarymuseum.gov,National Archives and Records Administration
foreignassistance.gov,Department of State
forfeiture.gov,Department of Justice
fpds.gov,General Services Administration
fsapubs.gov,Department of Education
fsd.gov,General Services Administration
fsrs.gov,General Services Administration
ftc.gov,Federal Trade Commission
ftccomplaintassistant.gov,Federal Trade Commission
g5.gov,Department of Education
geomac.gov,Department of Interior
globalhealth.gov,Department of Health & Human Services
gobiernousa.gov,General Services Administration
goes-r.gov,Department of Commerce
golearn.gov,Office of Personnel Management
govsales.gov,General Services Administration
gps.gov,Department of Commerce
gsa.gov,General Services Administration
gsaadvantage.gov,General Services Administration
gsaauctions.gov,General Services Administration
gsaxcess.gov,General Services Administration
guideline.gov,Department of Health & Human Services
healthierfeds.gov,Office of Personnel Management
helpwithmybank.gov,Department of Treasury
helpwithmycheckingaccount.gov,Department of Treasury
helpwithmycreditcard.gov,Department of Treasury
helpwithmycreditcardbank.gov,Department of Treasury
helpwithmymortgage.gov,Department of Treasury
helpwithmymortgagebank.gov,Department of Treasury
hhs.gov,Department of Health & Human Services
howto.gov,General Services Administration
hrsa.gov,Department of Health & Human Services
hru.gov,Office of Personnel Management
hud.gov,Department of Housing and Urban Development
humanrights.gov,Department of State
iad.gov,Department of Defense
ibwc.gov,Department of State
ic3.gov,Department of Justice
ice.gov,Department of Homeland Security
idmanagement.gov,General Services Administration
indianaffairs.gov,Department of Interior
irs.gov,Department of Treasury
itdashboard.gov,Executive Office of the President
jem.gov,Department of Interior
jimmycarterlibrary.gov,National Archives and Records Administration
justice.gov,Department of Justice
juvenilecouncil.gov,Department of Justice
landfire.gov,Department of Interior
lep.gov,Department of Justice
lmrcouncil.gov,Office of Personnel Management
lmvsci.gov,Department of Interior
makinghomeaffordable.gov,Department of Treasury
manufacturing.gov,Department of Commerce
medicalmuseum.mil,Department of Defense
mentalhealth.gov,Department of Health & Human Services
moneyfactory.gov,Department of Treasury
moneyfactorystore.gov,Department of Treasury
mrgo.gov,Department of Defense
mrlc.gov,Department of Interior
msha.gov,Department of Labor
myduty.mil,Department of Defense
mymoney.gov,Department of Treasury
nacarbon.org,National Aeronautics and Space Administration
namus.gov,Department of Justice
nasa.gov,National Aeronautics and Space Administration
nationalbankhelp.gov,Department of Treasury
nationalgangcenter.gov,Department of Justice
nationsreportcard.gov,Department of Education
ncdhhs.gov,Department of Health & Human Services
ncirc.gov,Department of Justice
ncjrs.gov,Department of Justice
ncpw.gov,Federal Trade Commission
ndep.gov,Department of Interior
ndop.gov,Department of Interior
nehrp.gov,Department of Commerce
nhtsa.gov,Department of Transportation
nibin.gov,Department of Justice
nicic.gov,Department of Justice
nicsezcheckfbi.gov,Department of Justice
niem.gov,Department of Justice
nih.gov,Department of Health & Human Services
nihseniorhealth.gov,Department of Health & Human Services
nij.gov,Department of Justice
nist.gov,Department of Commerce
nixonlibrary.gov,National Archives and Records Administration
nlrb.gov,National Labor Relations Board
noaa.gov,Department of Commerce
notalone.gov,General Services Administration
nps.gov,Department of Interior
nrc.gov,National Regulatory Commission
nsf.gov,National Science Foundation
nsopw.gov,Department of Justice
nvtc.gov,Department of Justice
nwbc.gov,Small Business Administration
occ.gov,Department of Treasury
occhelps.gov,Department of Treasury
oea.gov,Department of Defense
ojjdp.gov,Department of Justice
ojp.gov,Department of Justice
onguardonline.gov,Federal Trade Commission
opm.gov,Office of Personnel Management
organdonor.gov,Department of Health & Human Services
osac.gov,Department of State
osdbu.gov,Department of Defense
osha.gov,Department of Labor
osmre.gov,Department of Interior
ourdocuments.gov,National Archives and Records Administration
ovc.gov,Department of Justice
ovcttac.gov,Department of Justice
papahanaumokuakea.gov,Department of Commerce
pbgc.gov,Pension Benefit Guaranty Corporation
pclob.gov,Privacy and Civil Liberties Oversight Board
pepfar.gov,Department of State
performance.gov,General Services Administration
pic.gov,General Services Administration
plainlanguage.gov,Department of Transportation
pmf.gov,Office of Personnel Management
psob.gov,Department of Justice
rcfl.gov,Department of Justice
ready.gov,Department of Homeland Security
reginfo.gov,General Services Administration
relocatefeds.gov,Environmental Protection Agency
rrb.gov,US Railroad Retirement Board
sapr.mil,Department of Defense
sba.gov,Small Business Administration
sciencebase.gov,Department of Interior
section508.gov,General Services Administration
segurosocial.gov,Social Security Administration
sftool.gov,General Services Administration
sharetheroadsafely.gov,Department of Transportation
sigtarp.gov,Department of Treasury
smart.gov,Department of Justice
socialsecurity.gov,Social Security Administration
ssa.gov,Social Security Administration
state.gov,Department of State
stopbullying.gov,Department of Health & Human Services
stopfraud.gov,Department of Justice
supportthevoter.gov,General Services Administration
surgeongeneral.gov,Department of Health & Human Services
telework.gov,Office of Personnel Management
time.gov,Department of Commerce
trade.gov,Department of Commerce
trafficsafetymarketing.gov,Department of Transportation
transportation.gov,Department of Transportation
transportationresearch.gov,Department of Transportation
treasury.gov,Department of Treasury
treasurydirect.gov,Department of Treasury
tricare.mil,Department of Defense
tsa.gov,Department of Homeland Security
ttb.gov,Department of Treasury
ucrdatatool.gov,Department of Justice
unicor.gov,Department of Justice
unitedweride.gov,Department of Transportation
unlocktalent.gov,Office of Personnel Management
urbanwaters.gov,Environmental Protection Agency
usa.gov,General Services Administration
usability.gov,Department of Health & Human Services
usaid.gov,US Agency for International Development
usajobs.gov,Office of Personnel Management
usandc.gov,Department of Defense
usaspending.gov,Department of Treasury
usaspending.gov,General Services Administration
usbr.gov,Department of Interior
uscg.mil,Department of Homeland Security
uscis.gov,Department of Homeland Security
usda.gov,Department of Agriculture
usdoj.gov,Department of Justice
usgs.gov,Department of Interior
usmarshals.gov,Department of Justice
usmint.gov,Department of Treasury
uspto.gov,Department of Commerce
ustda.gov,US Trade and Development Agency
va.gov,Department of Veterans Affairs
vaccines.gov,Department of Health & Human Services
vcf.gov,Department of Justice
vef.gov,General Services Administration
vehiclehistory.gov,Department of Justice
weather.gov,Department of Commerce
whistleblowers.gov,Department of Labor
whitehouse.gov,Executive Office of the President
womenshealth.gov,Department of Health & Human Services
ww.vef.gov,General Services Administration
www.nagb.org,Department of Education
